Mixture no.,W/CMa,Cement(kg/m3),"Water 
(KG/M3)","Fly ash  
kg/m3","Fine aggregate
 (kg/m3) ","Coarse aggregate
 (kg/m3)","Superplasticizer 
(kg/m3)",Silica Fume,Age in days,Comp strength (MPa) 
1,0.5,331,165,0,768,1153,0,0,1,19.4
1,0.5,331,165,0,768,1153,0,0,7,32.6
1,0.5,331,165,0,768,1153,0,0,28,40.1
1,0.5,331,165,0,768,1153,0,0,56,43
2,0.53,207,157,89,786,1178,0,0,1,11.5
2,0.53,207,157,89,786,1178,0,0,7,25
2,0.53,207,157,89,786,1178,0,0,28,42.5
2,0.53,207,157,89,786,1178,0,0,56,49
3,0.46,150,139,150,797,1195,0,0,1,5.9
3,0.46,150,139,150,797,1195,0,0,7,21.8
3,0.46,150,139,150,797,1195,0,0,28,41.8
3,0.46,150,139,150,797,1195,0,0,56,47
4,0.42,273,163,117,746,1118,0,0,1,18.5
4,0.42,273,163,117,746,1118,0,0,7,36.5
4,0.42,273,163,117,746,1118,0,0,28,56
4,0.42,273,163,117,746,1118,0,0,56,61
5,0.38,202,155,202,744,1114,0,0,1,12.3
5,0.38,202,155,202,744,1114,0,0,7,34.6
5,0.38,202,155,202,744,1114,0,0,28,55.7
5,0.38,202,155,202,744,1114,0,0,56,62
6,0.43,214,154,143,768,1152,0,0,1,10.5
6,0.43,214,154,143,768,1152,0,0,7,29.7
6,0.43,214,154,143,768,1152,0,0,28,52.7
6,0.43,214,154,143,768,1152,0,0,56,60
7,0.43,213,153,142,763,1146,0,0,1,10.4
7,0.43,213,153,142,763,1146,0,0,7,30.8
7,0.43,213,153,142,763,1146,0,0,28,53
7,0.43,213,153,142,763,1146,0,0,56,59
8,0.43,213,153,142,763,1146,0,0,1,11
8,0.43,213,153,142,763,1146,0,0,7,30.8
8,0.43,213,153,142,763,1146,0,0,28,53.4
8,0.43,213,153,142,763,1146,0,0,56,58
9,0.43,213,153,142,763,1146,0,0,1,10.8
9,0.43,213,153,142,763,1146,0,0,7,31.5
9,0.43,213,153,142,763,1146,0,0,28,50.6
9,0.43,213,153,142,763,1146,0,0,56,59
10,0.52,213,159,91,781,1172,0,0,1,7.2
10,0.52,213,159,91,781,1172,0,0,7,22.5
10,0.52,213,159,91,781,1172,0,0,28,35.9
10,0.52,213,159,91,781,1172,0,0,56,58
11,0.5,150,151,150,792,1187,0,0,1,3.4
11,0.5,150,151,150,792,1187,0,0,7,15.3
11,0.5,150,151,150,792,1187,0,0,28,28
12,0.44,274,174,117,742,1109,0,0,1,11.7
12,0.44,274,174,117,742,1109,0,0,7,31.5
12,0.44,274,174,117,742,1109,0,0,28,44.6
13,0.39,204,161,204,745,1116,0,0,1,8
13,0.39,204,161,204,745,1116,0,0,7,25.9
13,0.39,204,161,204,745,1116,0,0,28,43.8
14,0.44,215,157,143,768,1149,0,0,1,10.3
14,0.44,215,157,143,768,1149,0,0,7,26.5
14,0.44,215,157,143,768,1149,0,0,28,42
15,0.44,215,157,143,768,1149,0,0,1,10.8
15,0.44,215,157,143,768,1149,0,0,7,27.6
15,0.44,215,157,143,768,1149,0,0,28,42.5
16,0.46,211,162,141,767,1150,0,0,1,9
16,0.46,211,162,141,767,1150,0,0,7,25.5
16,0.46,211,162,141,767,1150,0,0,28,39
17,0.44,215,157,143,768,1149,0,0,1,10.1
17,0.44,215,157,143,768,1149,0,0,7,27.3
17,0.44,215,157,143,768,1149,0,0,28,43.5
18,0.24,637,150,0,711,936,18.4,0,7,79.5
18,0.24,637,150,0,711,936,18.4,0,28,97.4
18,0.24,637,150,0,711,936,18.4,0,90,110.2
19,0.24,475,150,158,681,924,18.3,0,7,74.6
19,0.24,475,150,158,681,924,18.3,0,28,105.9
19,0.24,475,150,158,681,924,18.3,0,90,124.5
20,0.24,347,148,283,639,920,23.7,0,7,56.3
20,0.24,347,148,283,639,920,23.7,0,28,89.4
20,0.24,347,148,283,639,920,23.7,0,90,107.2
21,0.19,702,135,0,641,949,35.1,0,7,83.5
21,0.19,702,135,0,641,949,35.1,0,28,96.8
21,0.19,702,135,0,641,949,35.1,0,90,114.5
22,0.19,512,133,173,620,932,34.7,0,7,74.2
22,0.19,512,133,173,620,932,34.7,0,28,102.3
22,0.19,512,133,173,620,932,34.7,0,90,123.6
23,0.19,372,130,305,608,927,33.8,0,7,56.4
23,0.19,372,130,305,608,927,33.8,0,28,88.5
23,0.19,372,130,305,608,927,33.8,0,90,109.2
PC,0.3,600,180,0,1084,595,7.14,0,3,76
PC,0.3,600,180,0,1084,595,7.14,0,7,79.3
PC,0.3,600,180,0,1084,595,7.14,0,28,84
PC,0.3,600,180,0,1084,595,7.14,0,90,88.3
50FA,0.3,300,180,300,958,595,0.75,0,3,40.8
50FA,0.3,300,180,300,958,595,0.75,0,7,48.9
50FA,0.3,300,180,300,958,595,0.75,0,28,66.4
50FA,0.3,300,180,300,958,595,0.75,0,90,81.1
60FA,0.3,240,180,360,933,595,0.408,0,3,30.6
60FA,0.3,240,180,360,933,595,0.408,0,7,37.9
60FA,0.3,240,180,360,933,595,0.408,0,28,58
60FA,0.3,240,180,360,933,595,0.408,0,90,68.8
70FA,0.3,180,180,420,908,595,0.216,0,3,26
70FA,0.3,180,180,420,908,595,0.216,0,7,28.9
70FA,0.3,180,180,420,908,595,0.216,0,28,45.6
70FA,0.3,180,180,420,908,595,0.216,0,90,55.2
5SF,0.3,570,180,0,1072,595,7.581,30,3,73.7
5SF,0.3,570,180,0,1072,595,7.581,30,7,81.6
5SF,0.3,570,180,0,1072,595,7.581,30,28,95.3
5SF,0.3,570,180,0,1072,595,7.581,30,90,99
10SF,0.3,540,180,0,1059,595,7.722,60,3,78.3
10SF,0.3,540,180,0,1059,595,7.722,60,7,84.5
10SF,0.3,540,180,0,1059,595,7.722,60,28,100.5
10SF,0.3,540,180,0,1059,595,7.722,60,90,106.6
45FA5SF,0.3,300,180,270,958,595,1.11,30,3,43.5
45FA5SF,0.3,300,180,270,958,595,1.11,30,7,56
45FA5SF,0.3,300,180,270,958,595,1.11,30,28,75.2
45FA5SF,0.3,300,180,270,958,595,1.11,30,90,89.5
55FA5SF,0.3,240,180,330,933,595,0.72,30,3,34.9
55FA5SF,0.3,240,180,330,933,595,0.72,30,7,49.1
55FA5SF,0.3,240,180,330,933,595,0.72,30,28,63.4
55FA5SF,0.3,240,180,330,933,595,0.72,30,90,74.1
65FA5SF,0.3,180,180,390,908,595,0.36,30,3,29
65FA5SF,0.3,180,180,390,908,595,0.36,30,7,39.5
65FA5SF,0.3,180,180,390,908,595,0.36,30,28,52.7
65FA5SF,0.3,180,180,390,908,595,0.36,30,90,61.6
40FA10SF,0.3,300,180,240,958,595,1.8,60,3,48.1
40FA10SF,0.3,300,180,240,958,595,1.8,60,7,66.1
40FA10SF,0.3,300,180,240,958,595,1.8,60,28,85.2
40FA10SF,0.3,300,180,240,958,595,1.8,60,90,96.6
50FA10SF,0.3,240,180,300,933,595,1.152,60,3,40
50FA10SF,0.3,240,180,300,933,595,1.152,60,7,55.1
50FA10SF,0.3,240,180,300,933,595,1.152,60,28,73.6
50FA10SF,0.3,240,180,300,933,595,1.152,60,90,85.9
60FA10SF,0.3,180,180,360,908,595,0.684,60,3,35.8
60FA10SF,0.3,180,180,360,908,595,0.684,60,7,46.9
60FA10SF,0.3,180,180,360,908,595,0.684,60,28,61.2
60FA10SF,0.3,180,180,360,908,595,0.684,60,90,80.6
PC,0.35,514,180,0,1131,621,7.71,0,3,65.5
PC,0.35,514,180,0,1131,621,7.71,0,7,75.2
PC,0.35,514,180,0,1131,621,7.71,0,28,83
PC,0.35,514,180,0,1131,621,7.71,0,90,85.4
50FA,0.35,257,180,257,1023,621,0.6682,0,3,35.9
50FA,0.35,257,180,257,1023,621,0.6682,0,7,44.6
50FA,0.35,257,180,257,1023,621,0.6682,0,28,59.2
50FA,0.35,257,180,257,1023,621,0.6682,0,90,70.9
60FA,0.35,206,180,309,1001,621,0.3914,0,3,25.4
60FA,0.35,206,180,309,1001,621,0.3914,0,7,33.7
60FA,0.35,206,180,309,1001,621,0.3914,0,28,52.6
60FA,0.35,206,180,309,1001,621,0.3914,0,90,64
70FA,0.35,154,180,360,980,621,0.2002,0,3,20.5
70FA,0.35,154,180,360,980,621,0.2002,0,7,23.6
70FA,0.35,154,180,360,980,621,0.2002,0,28,39.8
70FA,0.35,154,180,360,980,621,0.2002,0,90,50.1
5SF,0.35,489,180,0,1120,621,7.824,26,3,63.4
5SF,0.35,489,180,0,1120,621,7.824,26,7,77.6
5SF,0.35,489,180,0,1120,621,7.824,26,28,85.3
5SF,0.35,489,180,0,1120,621,7.824,26,90,90.9
10SF,0.35,463,180,0,1110,621,8.1025,51,3,70.8
10SF,0.35,463,180,0,1110,621,8.1025,51,7,81.2
10SF,0.35,463,180,0,1110,621,8.1025,51,28,91.6
10SF,0.35,463,180,0,1110,621,8.1025,51,90,100.4
45FA5SF,0.35,257,180,231,1023,621,1.028,26,3,39.8
45FA5SF,0.35,257,180,231,1023,621,1.028,26,7,50.4
45FA5SF,0.35,257,180,231,1023,621,1.028,26,28,68.4
45FA5SF,0.35,257,180,231,1023,621,1.028,26,90,82.5
55FA5SF,0.35,206,180,283,1001,621,0.6592,26,3,30.3
55FA5SF,0.35,206,180,283,1001,621,0.6592,26,7,44
55FA5SF,0.35,206,180,283,1001,621,0.6592,26,28,57.4
55FA5SF,0.35,206,180,283,1001,621,0.6592,26,90,69.6
65FA5SF,0.35,154,180,334,980,621,0.3388,26,3,24.1
65FA5SF,0.35,154,180,334,980,621,0.3388,26,7,33.5
65FA5SF,0.35,154,180,334,980,621,0.3388,26,28,45.9
65FA5SF,0.35,154,180,334,980,621,0.3388,26,90,57.3
40FA10SF,0.35,257,180,206,1023,621,1.5934,51,3,34.9
40FA10SF,0.35,257,180,206,1023,621,1.5934,51,7,53.1
40FA10SF,0.35,257,180,206,1023,621,1.5934,51,28,75.4
40FA10SF,0.35,257,180,206,1023,621,1.5934,51,90,86.6
50FA10SF,0.35,206,180,257,1001,621,1.03,51,3,30.6
50FA10SF,0.35,206,180,257,1001,621,1.03,51,7,48.2
50FA10SF,0.35,206,180,257,1001,621,1.03,51,28,64.7
50FA10SF,0.35,206,180,257,1001,621,1.03,51,90,78.9
60FA10SF,0.35,154,180,309,980,621,0.616,51,3,24.9
60FA10SF,0.35,154,180,309,980,621,0.616,51,7,40.5
60FA10SF,0.35,154,180,309,980,621,0.616,51,28,51.1
60FA10SF,0.35,154,180,309,980,621,0.616,51,90,70.4
PC,0.4,450,180,0,1166,640,8.1,0,3,56.8
PC,0.4,450,180,0,1166,640,8.1,0,7,65.6
PC,0.4,450,180,0,1166,640,8.1,0,28,72.4
PC,0.4,450,180,0,1166,640,8.1,0,90,80.4
50FA,0.4,225,180,225,1072,640,0.585,0,3,21.6
50FA,0.4,225,180,225,1072,640,0.585,0,7,25.7
50FA,0.4,225,180,225,1072,640,0.585,0,28,41.9
50FA,0.4,225,180,225,1072,640,0.585,0,90,53.1
60FA,0.4,180,180,270,1053,640,0.378,0,3,18
60FA,0.4,180,180,270,1053,640,0.378,0,7,21.2
60FA,0.4,180,180,270,1053,640,0.378,0,28,35.7
60FA,0.4,180,180,270,1053,640,0.378,0,90,48
70FA,0.4,135,180,315,1034,640,0.1755,0,3,14.1
70FA,0.4,135,180,315,1034,640,0.1755,0,7,17.7
70FA,0.4,135,180,315,1034,640,0.1755,0,28,31.7
70FA,0.4,135,180,315,1034,640,0.1755,0,90,41.8
5SF,0.4,428,180,0,1157,640,8.132,23,3,55.6
5SF,0.4,428,180,0,1157,640,8.132,23,7,65.8
5SF,0.4,428,180,0,1157,640,8.132,23,28,75.3
5SF,0.4,428,180,0,1157,640,8.132,23,90,82.4
10SF,0.4,405,180,0,1147,640,8.505,45,3,59.8
10SF,0.4,405,180,0,1147,640,8.505,45,7,69.7
10SF,0.4,405,180,0,1147,640,8.505,45,28,79
10SF,0.4,405,180,0,1147,640,8.505,45,90,86.1
45FA5SF,0.4,225,180,203,1072,640,0.9675,23,3,25.3
45FA5SF,0.4,225,180,203,1072,640,0.9675,23,7,32.1
45FA5SF,0.4,225,180,203,1072,640,0.9675,23,28,51.5
45FA5SF,0.4,225,180,203,1072,640,0.9675,23,90,64
55FA5SF,0.4,180,180,248,1053,640,0.612,23,3,17.1
55FA5SF,0.4,180,180,248,1053,640,0.612,23,7,29.8
55FA5SF,0.4,180,180,248,1053,640,0.612,23,28,39.2
55FA5SF,0.4,180,180,248,1053,640,0.612,23,90,51.3
65FA5SF,0.4,135,180,293,1034,640,0.378,23,3,12.6
65FA5SF,0.4,135,180,293,1034,640,0.378,23,7,18.2
65FA5SF,0.4,135,180,293,1034,640,0.378,23,28,28.2
65FA5SF,0.4,135,180,293,1034,640,0.378,23,90,42.3
40FA10SF,0.4,225,180,180,1072,640,1.44,45,3,26.8
40FA10SF,0.4,225,180,180,1072,640,1.44,45,7,36.5
40FA10SF,0.4,225,180,180,1072,640,1.44,45,28,60.3
40FA10SF,0.4,225,180,180,1072,640,1.44,45,90,71.4
50FA10SF,0.4,180,180,225,1053,640,0.936,45,3,20.3
50FA10SF,0.4,180,180,225,1053,640,0.936,45,7,37
50FA10SF,0.4,180,180,225,1053,640,0.936,45,28,49.1
50FA10SF,0.4,180,180,225,1053,640,0.936,45,90,63.8
60FA10SF,0.4,135,180,270,1034,640,0.621,45,3,15.3
60FA10SF,0.4,135,180,270,1034,640,0.621,45,7,22.9
60FA10SF,0.4,135,180,270,1034,640,0.621,45,28,33.1
60FA10SF,0.4,135,180,270,1034,640,0.621,45,90,52.5
S1-0-0,0.3,500,150,0,724,1086,0,0,3,64.9
S1-0-0,0.3,500,150,0,724,1086,0,0,7,75.5
S1-0-0,0.3,500,150,0,724,1086,0,0,28,86.8
S1-0-0,0.3,500,150,0,724,1086,0,0,56,87.2
S1-0-0,0.3,500,150,0,724,1086,0,0,90,95.7
S1-0-0,0.3,500,150,0,724,1086,0,0,180,97.7
S1-15-0,0.3,425,150,75,700,1086,0,0,3,52.1
S1-15-0,0.3,425,150,75,700,1086,0,0,7,66.4
S1-15-0,0.3,425,150,75,700,1086,0,0,28,86
S1-15-0,0.3,425,150,75,700,1086,0,0,56,94.8
S1-15-0,0.3,425,150,75,700,1086,0,0,90,99.6
S1-15-0,0.3,425,150,75,700,1086,0,0,180,106.3
S1-25-0,0.3,375,150,125,683,1086,0,0,3,48
S1-25-0,0.3,375,150,125,683,1086,0,0,7,65.7
S1-25-0,0.3,375,150,125,683,1086,0,0,28,85.4
S1-25-0,0.3,375,150,125,683,1086,0,0,56,90.4
S1-25-0,0.3,375,150,125,683,1086,0,0,90,95.4
S1-25-0,0.3,375,150,125,683,1086,0,0,180,107.8
S1-45-0,0.3,275,150,225,650,1086,0,0,3,34.1
S1-45-0,0.3,275,150,225,650,1086,0,0,7,49.2
S1-45-0,0.3,275,150,225,650,1086,0,0,28,71.8
S1-45-0,0.3,275,150,225,650,1086,0,0,56,85.4
S1-45-0,0.3,275,150,225,650,1086,0,0,90,87.7
S1-45-0,0.3,275,150,225,650,1086,0,0,180,97.7
S1-55-0,0.3,225,150,275,634,1086,0,0,3,22.3
S1-55-0,0.3,225,150,275,634,1086,0,0,7,36.4
S1-55-0,0.3,225,150,275,634,1086,0,0,28,57.4
S1-55-0,0.3,225,150,275,634,1086,0,0,56,66.6
S1-55-0,0.3,225,150,275,634,1086,0,0,90,72.8
S1-55-0,0.3,225,150,275,634,1086,0,0,180,79.9
S1-0-5,0.3,500,150,0,719,1086,0,5,3,58.3
S1-0-5,0.3,500,150,0,719,1086,0,5,7,75.5
S1-0-5,0.3,500,150,0,719,1086,0,5,28,87.8
S1-0-5,0.3,500,150,0,719,1086,0,5,56,93.1
S1-0-5,0.3,500,150,0,719,1086,0,5,90,93.6
S1-0-5,0.3,500,150,0,719,1086,0,5,180,99.3
S1-20-5,0.3,400,150,100,686,1086,0,5,3,46.3
S1-20-5,0.3,400,150,100,686,1086,0,5,7,65.6
S1-20-5,0.3,400,150,100,686,1086,0,5,28,78.5
S1-20-5,0.3,400,150,100,686,1086,0,5,56,85.8
S1-20-5,0.3,400,150,100,686,1086,0,5,90,90.3
S1-20-5,0.3,400,150,100,686,1086,0,5,180,95.9
S1-40-5,0.3,300,150,200,654,1086,0,5,3,30.5
S1-40-5,0.3,300,150,200,654,1086,0,5,7,48.6
S1-40-5,0.3,300,150,200,654,1086,0,5,28,71.1
S1-40-5,0.3,300,150,200,654,1086,0,5,56,80
S1-40-5,0.3,300,150,200,654,1086,0,5,90,83.4
S1-40-5,0.3,300,150,200,654,1086,0,5,180,88.3
S2-0-0,0.4,400,160,0,710,1157,0,0,3,35
S2-0-0,0.4,400,160,0,710,1157,0,0,7,48.4
S2-0-0,0.4,400,160,0,710,1157,0,0,28,60.7
S2-0-0,0.4,400,160,0,710,1157,0,0,56,67.1
S2-0-0,0.4,400,160,0,710,1157,0,0,90,70.5
S2-0-0,0.4,400,160,0,710,1157,0,0,180,70.6
S2-15-0,0.4,325,160,75,690,1157,0,0,3,29.3
S2-15-0,0.4,325,160,75,690,1157,0,0,7,39.9
S2-15-0,0.4,325,160,75,690,1157,0,0,28,56
S2-15-0,0.4,325,160,75,690,1157,0,0,56,63.4
S2-15-0,0.4,325,160,75,690,1157,0,0,90,68.5
S2-15-0,0.4,325,160,75,690,1157,0,0,180,72.1
S2-25-0,0.4,275,160,125,660,1157,0,0,3,24.7
S2-25-0,0.4,275,160,125,660,1157,0,0,7,33.7
S2-25-0,0.4,275,160,125,660,1157,0,0,28,49.3
S2-25-0,0.4,275,160,125,660,1157,0,0,56,60.8
S2-25-0,0.4,275,160,125,660,1157,0,0,90,66.2
S2-25-0,0.4,275,160,125,660,1157,0,0,180,70.2
S2-45-0,0.4,175,160,225,634,1157,0,0,3,14.5
S2-45-0,0.4,175,160,225,634,1157,0,0,7,20.3
S2-45-0,0.4,175,160,225,634,1157,0,0,28,43.9
S2-45-0,0.4,175,160,225,634,1157,0,0,56,54.1
S2-45-0,0.4,175,160,225,634,1157,0,0,90,61.2
S2-45-0,0.4,175,160,225,634,1157,0,0,180,63.7
S2-55-0,0.4,125,160,275,621,1157,0,0,3,13.6
S2-55-0,0.4,125,160,275,621,1157,0,0,7,19.8
S2-55-0,0.4,125,160,275,621,1157,0,0,28,37.3
S2-55-0,0.4,125,160,275,621,1157,0,0,56,47.1
S2-55-0,0.4,125,160,275,621,1157,0,0,90,52.9
S2-55-0,0.4,125,160,275,621,1157,0,0,180,63.2
S2-0-5,0.4,400,160,0,688,1157,0,5,3,37.3
S2-0-5,0.4,400,160,0,688,1157,0,5,7,53
S2-0-5,0.4,400,160,0,688,1157,0,5,28,69.4
S2-0-5,0.4,400,160,0,688,1157,0,5,56,72.1
S2-0-5,0.4,400,160,0,688,1157,0,5,90,73.7
S2-0-5,0.4,400,160,0,688,1157,0,5,180,64.5
S2-20-5,0.4,300,160,100,662,1157,0,5,3,28.9
S2-20-5,0.4,300,160,100,662,1157,0,5,7,42.1
S2-20-5,0.4,300,160,100,662,1157,0,5,28,62.3
S2-20-5,0.4,300,160,100,662,1157,0,5,56,69.9
S2-20-5,0.4,300,160,100,662,1157,0,5,90,72.4
S2-20-5,0.4,300,160,100,662,1157,0,5,180,76
S2-40-5,0.4,200,160,200,636,1157,0,5,3,14.5
S2-40-5,0.4,200,160,200,636,1157,0,5,7,20.5
S2-40-5,0.4,200,160,200,636,1157,0,5,28,44.6
S2-40-5,0.4,200,160,200,636,1157,0,5,56,55.3
S2-40-5,0.4,200,160,200,636,1157,0,5,90,59.1
S2-40-5,0.4,200,160,200,636,1157,0,5,180,68.4
S3-0-0,0.5,410,205,0,609,1132,0,0,3,26.1
S3-0-0,0.5,410,205,0,609,1132,0,0,7,36.9
S3-0-0,0.5,410,205,0,609,1132,0,0,28,50.8
S3-0-0,0.5,410,205,0,609,1132,0,0,56,57.1
S3-0-0,0.5,410,205,0,609,1132,0,0,90,58.1
S3-0-0,0.5,410,205,0,609,1132,0,0,180,60.6
S3-15-0,0.5,335,205,75,589,1132,0,0,3,23.3
S3-15-0,0.5,335,205,75,589,1132,0,0,7,32.3
S3-15-0,0.5,335,205,75,589,1132,0,0,28,48.9
S3-15-0,0.5,335,205,75,589,1132,0,0,56,55.7
S3-15-0,0.5,335,205,75,589,1132,0,0,90,62.6
S3-15-0,0.5,335,205,75,589,1132,0,0,180,64.8
S3-25-0,0.5,285,205,125,576,1132,0,0,3,18.4
S3-25-0,0.5,285,205,125,576,1132,0,0,7,26.2
S3-25-0,0.5,285,205,125,576,1132,0,0,28,41.7
S3-25-0,0.5,285,205,125,576,1132,0,0,56,49.1
S3-25-0,0.5,285,205,125,576,1132,0,0,90,53.7
S3-25-0,0.5,285,205,125,576,1132,0,0,180,57.9
S3-45-0,0.5,185,205,225,549,1132,0,0,3,13.4
S3-45-0,0.5,185,205,225,549,1132,0,0,7,18.4
S3-45-0,0.5,185,205,225,549,1132,0,0,28,35.6
S3-45-0,0.5,185,205,225,549,1132,0,0,56,47
S3-45-0,0.5,185,205,225,549,1132,0,0,90,54.1
S3-45-0,0.5,185,205,225,549,1132,0,0,180,56.6
S3-55-0,0.5,135,205,275,536,1132,0,0,3,7.8
S3-55-0,0.5,135,205,275,536,1132,0,0,7,11.3
S3-55-0,0.5,135,205,275,536,1132,0,0,28,24
S3-55-0,0.5,135,205,275,536,1132,0,0,56,33.7
S3-55-0,0.5,135,205,275,536,1132,0,0,90,41.4
S3-55-0,0.5,135,205,275,536,1132,0,0,180,48.3
S3-0-5,0.5,410,205,0,605,1132,0,5,3,27.4
S3-0-5,0.5,410,205,0,605,1132,0,5,7,39.2
S3-0-5,0.5,410,205,0,605,1132,0,5,28,57.3
S3-0-5,0.5,410,205,0,605,1132,0,5,56,59.6
S3-0-5,0.5,410,205,0,605,1132,0,5,90,67.3
S3-0-5,0.5,410,205,0,605,1132,0,5,180,66.3
S3-20-5,0.5,310,205,100,578,1132,0,5,3,20.1
S3-20-5,0.5,310,205,100,578,1132,0,5,7,30.6
S3-20-5,0.5,310,205,100,578,1132,0,5,28,52.9
S3-20-5,0.5,310,205,100,578,1132,0,5,56,60.7
S3-20-5,0.5,310,205,100,578,1132,0,5,90,63.7
S3-20-5,0.5,310,205,100,578,1132,0,5,180,68
S3-40-5,0.5,210,205,200,552,1132,0,5,3,11.4
S3-40-5,0.5,210,205,200,552,1132,0,5,7,16.8
S3-40-5,0.5,210,205,200,552,1132,0,5,28,38.7
S3-40-5,0.5,210,205,200,552,1132,0,5,56,45.9
S3-40-5,0.5,210,205,200,552,1132,0,5,90,48.7
S3-40-5,0.5,210,205,200,552,1132,0,5,180,58.4
NC,0.35,500,190,0,770,940,2.25,0,7,57.44
NC,0.35,500,190,0,770,940,2.25,0,28,60.31
NC,0.35,500,190,0,770,940,2.25,0,90,66.1
F20G2,0.35,400,190,0,770,940,1.6,0,7,45.3
F20G2,0.35,400,190,0,770,940,1.6,0,28,60.64
F20G2,0.35,400,190,0,770,940,1.6,0,90,68.8
F20G4,0.35,400,190,100,770,940,1.6,0,7,47.33
F20G4,0.35,400,190,100,770,940,1.6,0,28,61.5
F20G4,0.35,400,190,100,770,940,1.6,0,90,73.2
F20G6,0.35,400,190,100,770,940,1.6,0,7,41.71
F20G6,0.35,400,190,100,770,940,1.6,0,28,61.82
F20G6,0.35,400,190,100,770,940,1.6,0,90,71.61
S10G2,0.35,450,190,0,770,940,2.25,50,7,45.76
S10G2,0.35,450,190,0,770,940,2.25,50,28,47.52
S10G2,0.35,450,190,0,770,940,2.25,50,90,63.84
S10G4,0.35,450,190,0,770,940,2.25,50,7,45.31
S10G4,0.35,450,190,0,770,940,2.25,50,28,55.17
S10G4,0.35,450,190,0,770,940,2.25,50,90,72.98
S10G6,0.35,450,190,0,770,940,2.25,50,7,51.48
S10G6,0.35,450,190,0,770,940,2.25,50,28,55.6
S10G6,0.35,450,190,0,770,940,2.25,50,90,72.44
F20S10G2,0.35,350,190,100,770,940,1.575,50,7,39.21
F20S10G2,0.35,350,190,100,770,940,1.575,50,28,52.71
F20S10G2,0.35,350,190,100,770,940,1.575,50,90,72.6
F20S10G4,0.35,350,190,100,770,940,1.575,50,7,33.6
F20S10G4,0.35,350,190,100,770,940,1.575,50,28,52.26
F20S10G4,0.35,350,190,100,770,940,1.575,50,90,79.7
F20S10G6,0.35,350,190,100,770,940,1.575,50,7,41.26
F20S10G6,0.35,350,190,100,770,940,1.575,50,28,55.98
F20S10G6,0.35,350,190,100,770,940,1.575,50,90,82.4
A1,0.24,637,150,0,711,936,117.208,0,3,70
A1,0.24,637,150,0,711,936,117.208,0,7,79.5
A1,0.24,637,150,0,711,936,117.208,0,28,97.4
A1,0.24,637,150,0,711,936,117.208,0,90,110.2
A2,0.24,475,150,158,681,924,86.925,0,3,62.3
A2,0.24,475,150,158,681,924,86.925,0,7,74.6
A2,0.24,475,150,158,681,924,86.925,0,28,105.9
A2,0.24,475,150,158,681,924,86.925,0,90,124.5
A3,0.24,347,148,283,639,920,82.239,0,3,42.5
A3,0.24,347,148,283,639,920,82.239,0,7,56.3
A3,0.24,347,148,283,639,920,82.239,0,28,89.4
A3,0.24,347,148,283,639,920,82.239,0,90,107.2
A4,0.19,702,135,0,641,949,246.402,0,3,78
A4,0.19,702,135,0,641,949,246.402,0,7,83.5
A4,0.19,702,135,0,641,949,246.402,0,28,96.8
A4,0.19,702,135,0,641,949,246.402,0,90,114.5
A5,0.19,512,133,173,620,932,177.664,0,3,66.8
A5,0.19,512,133,173,620,932,177.664,0,7,74.2
A5,0.19,512,133,173,620,932,177.664,0,28,102.3
A5,0.19,512,133,173,620,932,177.664,0,90,123.6
A6,0.19,372,130,305,608,927,125.736,0,3,41.7
A6,0.19,372,130,305,608,927,125.736,0,7,56.4
A6,0.19,372,130,305,608,927,125.736,0,28,88.5
A6,0.19,372,130,305,608,927,125.736,0,90,109.2
G0F0,0.37,546.79,202.31,0,845.26,796.54,7.381,0,7,38
G0F0,0.37,546.79,202.31,0,845.26,796.54,7.381,0,28,52
G0F0,0.37,546.79,202.31,0,845.26,796.54,7.381,0,56,56
G20F0,0.37,546.79,202.31,0,676.21,796.54,6.288,0,7,41
G20F0,0.37,546.79,202.31,0,676.21,796.54,6.288,0,28,55
G20F0,0.37,546.79,202.31,0,676.21,796.54,6.288,0,56,59
G40F0,0.37,546.79,202.31,0,507.16,796.54,7.381,0,7,36
G40F0,0.37,546.79,202.31,0,507.16,796.54,7.381,0,28,51
G40F0,0.37,546.79,202.31,0,507.16,796.54,7.381,0,56,57
G60F0,0.37,546.79,202.31,0,338.1,796.54,9.842,0,7,33
G60F0,0.37,546.79,202.31,0,338.1,796.54,9.842,0,28,47
G60F0,0.37,546.79,202.31,0,338.1,796.54,9.842,0,56,53
G80F0,0.37,546.79,202.31,0,169.05,796.54,12.029,0,7,25
G80F0,0.37,546.79,202.31,0,169.05,796.54,12.029,0,28,37
G80F0,0.37,546.79,202.31,0,169.05,796.54,12.029,0,56,43
G0F20,0.37,437.43,202.31,109.36,845.26,796.54,4.155,0,7,31
G0F20,0.37,437.43,202.31,109.36,845.26,796.54,4.155,0,28,49
G0F20,0.37,437.43,202.31,109.36,845.26,796.54,4.155,0,56,54
G20F20,0.37,437.43,202.31,109.36,676.21,796.54,3.718,0,7,32
G20F20,0.37,437.43,202.31,109.36,676.21,796.54,3.718,0,28,52
G20F20,0.37,437.43,202.31,109.36,676.21,796.54,3.718,0,56,57
G40F20,0.37,437.43,202.31,109.36,507.16,796.54,4.374,0,7,30
G40F20,0.37,437.43,202.31,109.36,507.16,796.54,4.374,0,28,48
G40F20,0.37,437.43,202.31,109.36,507.16,796.54,4.374,0,56,54
G60F20,0.37,437.43,202.31,109.36,338.1,796.54,6.342,0,7,25
G60F20,0.37,437.43,202.31,109.36,338.1,796.54,6.342,0,28,43
G60F20,0.37,437.43,202.31,109.36,338.1,796.54,6.342,0,56,49
G80F20,0.37,437.43,202.31,109.36,169.05,796.54,8.092,0,7,20
G80F20,0.37,437.43,202.31,109.36,169.05,796.54,8.092,0,28,34
G80F20,0.37,437.43,202.31,109.36,169.05,796.54,8.092,0,56,41
G0F30,0.37,382.75,202.31,164.04,845.26,796.54,2.87,0,7,24
G0F30,0.37,382.75,202.31,164.04,845.26,796.54,2.87,0,28,42
G0F30,0.37,382.75,202.31,164.04,845.26,796.54,2.87,0,56,52
G20F30,0.37,382.75,202.31,164.04,676.21,796.54,2.296,0,7,26
G20F30,0.37,382.75,202.31,164.04,676.21,796.54,2.296,0,28,51
G20F30,0.37,382.75,202.31,164.04,676.21,796.54,2.296,0,56,55
G40F30,0.37,382.75,202.31,164.04,507.16,796.54,2.87,0,7,24
G40F30,0.37,382.75,202.31,164.04,507.16,796.54,2.87,0,28,46
G40F30,0.37,382.75,202.31,164.04,507.16,796.54,2.87,0,56,52
G60F30,0.37,382.75,202.31,164.04,338.1,796.54,4.593,0,7,21
G60F30,0.37,382.75,202.31,164.04,338.1,796.54,4.593,0,28,36
G60F30,0.37,382.75,202.31,164.04,338.1,796.54,4.593,0,56,46
G80F30,0.37,382.75,202.31,164.04,169.05,796.54,6.315,0,7,14
G80F30,0.37,382.75,202.31,164.04,169.05,796.54,6.315,0,28,30
G80F30,0.37,382.75,202.31,164.04,169.05,796.54,6.315,0,56,39
C-1,0.33,550,181.5,0,970,722,7.7,0,7,38
C-1,0.33,550,181.5,0,970,722,7.7,0,28,56
C-1,0.33,550,181.5,0,970,722,7.7,0,90,56
5SF,0.33,522.5,181.5,0,970,722,8.25,27.5,7,44
5SF,0.33,522.5,181.5,0,970,722,8.25,27.5,28,58
5SF,0.33,522.5,181.5,0,970,722,8.25,27.5,90,60
10M,0.33,467.5,181.5,0,970,722,6.05,27.5,7,46
10M,0.33,467.5,181.5,0,970,722,6.05,27.5,28,60
10M,0.33,467.5,181.5,0,970,722,6.05,27.5,90,61
20M,0.33,412.5,181.5,0,970,722,4.95,27.5,7,38
20M,0.33,412.5,181.5,0,970,722,4.95,27.5,28,53
20M,0.33,412.5,181.5,0,970,722,4.95,27.5,90,54
30M,0.33,357.5,181.5,0,970,722,3.575,27.5,7,36
30M,0.33,357.5,181.5,0,970,722,3.575,27.5,28,45
30M,0.33,357.5,181.5,0,970,722,3.575,27.5,90,48
15FA,0.33,440,181.5,82.5,970,722,3.3,27.5,7,47
15FA,0.33,440,181.5,82.5,970,722,3.3,27.5,28,56
15FA,0.33,440,181.5,82.5,970,722,3.3,27.5,90,60
15FA10M,0.33,385,181.5,82.5,970,722,1.925,27.5,7,49
15FA10M,0.33,385,181.5,82.5,970,722,1.925,27.5,28,63
15FA10M,0.33,385,181.5,82.5,970,722,1.925,27.5,90,65
15FA20M,0.33,330,181.5,82.5,970,722,1.65,27.5,7,39
15FA20M,0.33,330,181.5,82.5,970,722,1.65,27.5,28,45
15FA20M,0.33,330,181.5,82.5,970,722,1.65,27.5,90,47
15FA30M,0.33,275,181.5,82.5,970,722,1.815,27.5,7,36
15FA30M,0.33,275,181.5,82.5,970,722,1.815,27.5,28,44
15FA30M,0.33,275,181.5,82.5,970,722,1.815,27.5,90,46
25FA,0.33,385,181.5,137.5,970,722,1.65,27.5,7,43
25FA,0.33,385,181.5,137.5,970,722,1.65,27.5,28,54
25FA,0.33,385,181.5,137.5,970,722,1.65,27.5,90,58
25FA10M,0.33,330,181.5,137.5,970,722,1.375,27.5,7,44
25FA10M,0.33,330,181.5,137.5,970,722,1.375,27.5,28,49
25FA10M,0.33,330,181.5,137.5,970,722,1.375,27.5,90,52
25FA20M,0.33,275,181.5,137.5,970,722,1.1,27.5,7,28
25FA20M,0.33,275,181.5,137.5,970,722,1.1,27.5,28,44
25FA20M,0.33,275,181.5,137.5,970,722,1.1,27.5,90,45
25FA30M,0.33,220,181.5,137.5,970,722,1.375,27.5,7,27
25FA30M,0.33,220,181.5,137.5,970,722,1.375,27.5,28,39
25FA30M,0.33,220,181.5,137.5,970,722,1.375,27.5,90,44
35FA,0.33,330,181.5,192.5,970,722,1.21,27.5,7,38
35FA,0.33,330,181.5,192.5,970,722,1.21,27.5,28,45
35FA,0.33,330,181.5,192.5,970,722,1.21,27.5,90,56
35FA10M,0.33,275,181.5,192.5,970,722,1.1,27.5,7,36
35FA10M,0.33,275,181.5,192.5,970,722,1.1,27.5,28,47
35FA10M,0.33,275,181.5,192.5,970,722,1.1,27.5,90,52
35FA20M,0.33,220,181.5,192.5,970,722,1.045,27.5,7,30
35FA20M,0.33,220,181.5,192.5,970,722,1.045,27.5,28,44
35FA20M,0.33,220,181.5,192.5,970,722,1.045,27.5,90,46
NC,0,500,190,0,770,940,2.25,0,7,47.44
NC,0,500,190,0,770,940,2.25,0,28,60.31
NC,0,500,190,0,770,940,2.25,0,90,66.1
F20T1,0,400,190,100,770,940,1.8,0,7,41.92
F20T1,0,400,190,100,770,940,1.8,0,28,58.51
F20T1,0,400,190,100,770,940,1.8,0,90,72.49
F20T2,0,400,190,100,770,940,1.8,0,7,39.8
F20T2,0,400,190,100,770,940,1.8,0,28,59.94
F20T2,0,400,190,100,770,940,1.8,0,90,76.91
F20T3,0,400,190,100,770,940,1.8,0,7,30.88
F20T3,0,400,190,100,770,940,1.8,0,28,56.78
F20T3,0,400,190,100,770,940,1.8,0,90,78.6
S10T1,0,450,190,0,770,940,2.565,50,7,38.54
S10T1,0,450,190,0,770,940,2.565,50,28,49.64
S10T1,0,450,190,0,770,940,2.565,50,90,58.44
S10T2,0,450,190,0,770,940,2.565,50,7,31.78
S10T2,0,450,190,0,770,940,2.565,50,28,53.05
S10T2,0,450,190,0,770,940,2.565,50,90,70.43
S10T3,0,450,190,0,770,940,2.565,50,7,37.2
S10T3,0,450,190,0,770,940,2.565,50,28,60.03
S10T3,0,450,190,0,770,940,2.565,50,90,78.78
F20S10T1,0,350,190,100,770,940,1.75,50,7,35.39
F20S10T1,0,350,190,100,770,940,1.75,50,28,46.55
F20S10T1,0,350,190,100,770,940,1.75,50,90,56.53
F20S10T2,0,350,190,100,770,940,1.75,50,7,34.73
F20S10T2,0,350,190,100,770,940,1.75,50,28,52.17
F20S10T2,0,350,190,100,770,940,1.75,50,90,65.92
F20S10T3,0,350,190,100,770,940,1.75,50,7,37.77
F20S10T3,0,350,190,100,770,940,1.75,50,28,58.69
F20S10T3,0,350,190,100,770,940,1.75,50,90,73
1,0.5,336,167,0,739,1105,0,0,1,16.7
1,0.5,336,167,0,739,1105,0,0,7,16.7
1,0.5,336,167,0,739,1105,0,0,28,16.7
2,0.45,247,186,165,845,846,1.2,0,1,8.7
2,0.45,247,186,165,845,846,1.2,0,7,21.2
2,0.45,247,186,165,845,846,1.2,0,28,34.6
3,0.4,238,159,159,844,844,2.9,0,1,10.7
3,0.4,238,159,159,844,844,2.9,0,7,25.8
3,0.4,238,159,159,844,844,2.9,0,28,37.8
4,0.35,232,136,155,846,847,3.8,0,1,16.6
4,0.35,232,136,155,846,847,3.8,0,7,31.3
4,0.35,232,136,155,846,847,3.8,0,28,48.3
5,0.45,207,188,207,845,843,0.4,0,1,6.1
5,0.45,207,188,207,845,843,0.4,0,7,17.4
5,0.45,207,188,207,845,843,0.4,0,28,33.2
6,0.4,200,161,200,842,843,1.7,0,1,7
6,0.4,200,161,200,842,843,1.7,0,7,19.3
6,0.4,200,161,200,842,843,1.7,0,28,34.9
7,0.35,197,138,197,856,856,2.8,0,1,7.8
7,0.35,197,138,197,856,856,2.8,0,7,22.9
7,0.35,197,138,197,856,856,2.8,0,28,38.9
8,0.45,169,190,254,853,853,0,0,1,5.2
8,0.45,169,190,254,853,853,0,0,7,15.6
8,0.45,169,190,254,853,853,0,0,28,30.2
9,0.4,163,164,245,851,851,2,0,1,4.9
9,0.4,163,164,245,851,851,2,0,7,14.7
9,0.4,163,164,245,851,851,2,0,28,26.2
10,0.35,161,141,241,866,864,3,0,1,7.3
10,0.35,161,141,241,866,864,3,0,7,20.6
10,0.35,161,141,241,866,864,3,0,28,35.8
1,0,185.7,166.9,101.5,905.4,1006.4,7.5,0,90,38.28
2,0,170.7,161.8,127.4,798.5,1090,7.8,0,3,17.11
3,0,180.7,166.1,127.4,798.6,1090,7.8,0,14,23.34
4,0,160.7,162.1,127.4,804,1090,7.8,0,28,27.41
5,0,242.1,184.3,125.6,779.3,1057.6,5.7,0,14,21.91
6,0,212.1,184.2,125.6,779.3,1057.6,5.7,0,28,21.81
7,0,212.1,184.2,124.6,779.3,1057.6,5.7,0,56,33.21
8,0,240,191.9,118.3,758.6,1029.4,4.6,0,90,32.31
9,0,195.3,160.8,124.2,802.6,1088.1,9.9,0,3,9.49
10,0,190.7,161.9,124.2,802.6,1088.1,9.9,0,14,23.1
11,0,168.1,172.4,168.3,780.1,1058.6,4.5,0,3,11.78
12,0,136.1,176.5,163.3,780.1,1058.6,4.5,0,14,27.49
13,0,165.2,172.4,161.3,780.1,1058.6,4.5,0,28,25.2
14,0,230.6,195.2,118.2,757.6,1028.1,6.1,0,3,15.47
15,0,228.7,191.3,119.2,757.6,1028.1,6.1,0,14,21.31
16,0,229.7,195.2,118.2,757.6,1028.1,6.1,0,90,42.37
17,0,248.1,186.7,94.1,847,949.9,7,0,3,21.43
18,0,238.1,188.7,92.1,847,949.9,7,0,14,26.6
19,0,248.1,186.7,92.1,847,949.9,7,0,90,47.83
20,0,250.5,187.4,95.7,861.2,956.9,5.5,0,3,12.78
21,0,251,186.5,95.7,861.2,956.9,5.5,0,14,27.4
22,0,212.5,159,124.9,799.5,1085.4,7.8,0,3,18.42
23,0,212.6,181.9,124.7,757.7,1028.4,5.8,0,14,30.92
24,0,251.8,188.5,124.2,810.7,1028.4,6.4,0,56,34.9
25,0,251.9,181.6,122.8,757.7,1028.4,6.4,0,90,45.2
26,0,181.8,169.6,122.8,810.7,1055.6,7.6,0,3,14.61
27,0,181.8,170.6,122.8,810.7,1055.6,7.6,0,14,22.93
28,0,181.8,169.6,122.8,777.8,1055.6,7.6,0,28,28.79
29,0,182.5,170.6,124.4,777.8,1055.6,7.6,0,56,37.77
30,0,181.4,169.6,121.8,777.8,1055.6,7.6,0,90,46.77
31,0,250.1,168.3,124.8,865,961.2,9.4,0,90,45.99
32,0,230.1,160.6,124.8,875.6,973.9,11.8,0,3,22.11
33,0,220.8,146.1,124.8,899.8,1006,12.4,0,28,31.74
34,0,210.8,143.3,124.8,800.9,1086.8,12,0,56,62.55
35,0,220.8,141.1,124.7,800.9,1086.8,12,0,90,62.32
36,0,213.7,154.8,124.7,776.4,1053.5,10.2,0,28,43.15
37,0,213.7,155,124.8,776.4,1053.5,10.2,0,56,47.14
38,0,213.7,154.8,124.8,776.4,1053.5,10.2,0,90,54.09
39,0,213.5,155.6,124.8,775.5,1052.3,11.7,0,3,19.64
40,0,213.5,154.6,124.8,800,1052.3,11.7,0,14,36.98
41,0,213.5,155.7,124.8,800,1052.3,11.7,0,28,42.44
42,0,213.5,154.6,124.8,800.5,1052.3,11.7,0,56,49.43
43,0,213.5,155.5,124.8,800,1052.3,11.7,0,90,58.4
44,0,218.9,158.5,124.8,794.9,1078.7,11.3,0,56,40.21
45,0,218.9,160.1,124.8,794.9,1078.7,11.3,0,90,45.25
46,0,376,216.7,124.8,762.4,1003.5,0,0,3,18.98
47,0,190.3,165.6,124.8,798.9,1079,9.9,0,14,20.22
48,0,165,163.8,124.8,900.9,1005.6,0,0,28,26.11
49,0,190.3,165.3,124.8,798.9,1079,9.9,0,28,26.67
50,0,250,192.8,124.8,857.2,948.9,5.3,0,28,28.21
51,0,213.5,159.2,124.8,771.9,1043.6,11.7,0,28,44.61
52,0,194.7,171.5,124.8,901.8,998,7.5,0,28,39.27
53,0,251.4,192.9,124.8,754.3,1043.6,5.8,0,28,36.99
54,0,310,189.9,124.8,712.2,936.2,0,0,28,40.94
55,0,280,189.9,124.8,700,936.2,0,0,7,36.57
56,0,290.2,183.6,124.8,754.3,1069.2,0,0,7,23.18
57,0,252,186.7,124.8,784.3,1111.6,0,0,7,13.11
58,0,339,197,124.8,800,968,0,0,3,18.24
59,0,257,192.8,124.8,856.5,968,0,0,90,27.54
60,0,254,192.7,124.8,799.7,968,0,0,90,28.66
61,0,307,193.5,124.8,799.5,968,0,0,28,29.33
62,0,307,191.2,124.8,799.5,968,0,0,90,35.92
63,0,290,192.2,124.8,755,936,0,0,28,46.29
64,0,297,191.3,124.8,755,936,0,0,90,51.18
65,0,299,187.3,124.8,763,966,0,0,3,17.11
66,0,288,188.6,124.8,758,966,0,0,7,21.21
67,0,289,188.6,124.8,759,966,0,0,14,29.22
68,0,292,187.3,124.8,763,966,0,0,28,33.55
69,0,331,192.2,124.8,801,978,0,0,90,40.1
70,0,349,192.2,124.8,806,1047,0,0,3,16.59
71,0,295,185.3,124.8,769.4,1069,0,0,28,27.19
72,0,238,185.2,124.8,789,1118,0,0,28,16.84
73,0,296,191.3,124.7,765.5,1085,0,0,7,16.83
74,0,322.5,203.4,124.8,840,974,0,0,14,24.11
75,0,322,201.5,124.4,800.2,974,0,0,28,26.15
76,0,322,202.7,124.7,820,974,0,0,90,30.57
77,0,302,202.7,124.8,817,974,0,0,28,26.11
78,0,312.5,182.4,124.6,734,1040,0,0,28,40.08
79,0,317,192.5,124.8,721,936,0,0,3,26.29
80,0,210,142.5,124.8,896,896,0,0,7,49.41
81,0,220,142.5,124.8,896,896,0,0,28,72.11
82,0,144,158.2,124.8,844,943,18,0,28,17.42
83,0,148,158.4,124.8,830,1002,16,0,28,19.95
84,0,326,199.1,124.6,792,801,11,0,28,39.78
85,0,290,220.5,124.8,713,898,11,0,28,9.59
86,0,299.8,211.5,124.8,727.6,878.2,9.9,0,28,25.81
87,0,148.1,159.2,124.6,830.1,1001.8,16.1,0,28,18.98
88,0,326.5,193.3,124.8,792.5,801.1,10.8,0,28,35.61
89,0,276.4,217.4,124.8,712.9,897.7,11,0,28,9.55
90,0,150.7,164.6,124.8,687,1074.5,15.6,0,28,15.44
91,0,190.8,185.1,124.8,811,979.5,11.1,0,28,15.21
92,0,190.9,168.2,124.8,784,991.2,11.6,0,28,18.66
93,0,180.7,182.4,124.8,732,1023.3,11.7,0,28,20.01
94,0,298.1,189.4,124.6,815,879,6.1,0,28,41.64
95,0,318.9,212.7,124.8,725,860.5,5.7,0,28,36.09
96,0,355.9,196.3,124.5,769,801.6,11,0,28,36.27
97,0,199.8,185.4,124.8,856.5,849.3,12.6,0,28,18.01
98,0,278.7,170.3,124.8,782,925.3,10.1,0,28,41.16
CM,0.25,550,137.5,0,866.1,866.1,0,0,28,0
10FA,0.25,495,137.5,55,856.9,856.9,0,0,28,72
20FA,0.25,440,137.5,110,848.8,848.8,0,0,28,65
30FA,0.25,385,137.5,165,840.2,840.2,0,0,28,60
40FA,0.25,330,137.5,220,839.8,839.8,0,0,28,55
50FA,0.25,275,137.5,275,824.1,824.1,0,0,28,53
60FA,0.25,220,137.5,330,815.7,815.7,0,0,28,45
10S,0.25,495,137.5,0,840.3,840.3,0,0,28,79
20S,0.25,440,137.5,0,815.4,815.4,0,0,28,82
30S,0.25,385,137.5,0,790.2,790.2,0,0,28,83
40S,0.25,330,137.5,0,765.3,765.3,0,0,28,84
50S,0.25,275,137.5,0,740.3,740.3,0,0,28,76
60S,0.25,220,137.5,0,715.1,715.1,0,0,28,70
5FA5S,0.25,495,137.5,27.5,849.1,849.1,0,0,28,81
10FA10S,0.25,440,137.5,55,832.9,832.9,0,0,28,83
15FA15S,0.25,385,137.5,82.5,816.1,816.1,0,0,28,86
20FA20S,0.25,330,137.5,110,799.6,799.6,0,0,28,80
25FA25S,0.25,275,137.5,137.5,783.1,783.1,0,0,28,74
30FA30S,0.25,220,137.5,165,766,766,0,0,28,70
WB50,0.5,410,205,0,609,1132,0,0,3,25
WB50,0.5,410,205,0,609,1132,0,0,28,52
WB50-FA15,0.5,410,205,61.5,589,1132,0,0,3,23
WB50-FA15,0.5,410,205,61.5,589,1132,0,0,28,50
WB50-FA25,0.5,410,205,102.5,576,1132,0,0,3,20
WB50-FA25,0.5,410,205,102.5,576,1132,0,0,28,49
WB50-FA45,0.5,410,205,184.5,549,1132,0,0,3,18
WB50-FA45,0.5,410,205,184.5,549,1132,0,0,28,38
WB50-FA55,0.5,410,205,225.5,536,1132,0,0,3,15
WB50-FA55,0.5,410,205,225.5,536,1132,0,0,28,35
WB40,0.4,400,160,0,710,1157,0,0,3,23
WB40,0.4,400,160,0,710,1157,0,0,28,26
WB40-FA15,0.4,400,160,60,690,1157,0,0,3,20
WB40-FA15,0.4,400,160,60,690,1157,0,0,28,54
WB40-FA25,0.4,400,160,100,660,1157,0,0,3,18
WB40-FA25,0.4,400,160,100,660,1157,0,0,28,53
WB40-FA45,0.4,400,160,180,634,1157,0,0,3,14
WB40-FA45,0.4,400,160,180,634,1157,0,0,28,50
WB40-FA55,0.4,400,160,220,621,1157,0,0,3,12
WB40-FA55,0.4,400,160,220,621,1157,0,0,28,46
WB30,0.3,500,150,0,724,1086,0,0,3,54
WB30,0.3,500,150,0,724,1086,0,0,28,45
WB30-FA15,0.3,500,150,75,700,1086,0,0,3,50
WB30-FA15,0.3,500,150,75,700,1086,0,0,28,65
WB30-FA25,0.3,500,150,125,683,1086,0,0,3,48
WB30-FA25,0.3,500,150,125,683,1086,0,0,28,63
WB30-FA45,0.3,500,150,225,650,1086,0,0,3,35
WB30-FA45,0.3,500,150,225,650,1086,0,0,28,54
WB30-FA55,0.3,500,150,275,634,1086,0,0,3,25
WB30-FA55,0.3,500,150,275,634,1086,0,0,28,52
WB24,0.24,637,150,0,711,936,0,0,3,60
WB24,0.24,637,150,0,711,936,0,0,28,110
WB24-FA25,0.24,633,150,159.25,681,924,0,0,3,55
WB24-FA25,0.24,633,150,159.25,681,924,0,0,28,100
WB24-FA45,0.24,630,148,286.65,639,920,0,0,3,47
WB24-FA45,0.24,630,148,286.65,639,920,0,0,28,80
WB19,0.19,702,135,0,641,949,0,0,3,65
WB19,0.19,702,135,0,641,949,0,0,28,105
WB19-FA25,0.19,685,133,175.5,620,932,0,0,3,60
WB19-FA25,0.19,685,133,175.5,620,932,0,0,28,90
WB19-FA45,0.19,677,130,315.9,608,927,0,0,0,0
CONTROL,0.28,550,154,0,815,720,0,0,3,53
CONTROL,0.28,550,154,0,815,720,0,0,28,56
20FA5CC,0.28,412.5,154,55,815,720,0,0,3,50
20FA5CC,0.28,412.5,154,55,815,720,0,0,28,60
20FA10CC,0.28,385,154,55,815,720,0,0,3,49
20FA10CC,0.28,385,154,55,815,720,0,0,28,58
10FA20CC,0.28,330,154,55,815,720,0,0,3,48
10FA20CC,0.28,330,154,55,815,720,0,0,28,49
30FA5CC,0.28,357.5,154,357.5,815,720,0,0,3,45
30FA5CC,0.28,357.5,154,357.5,815,720,0,0,28,58
30FA10CC,0.28,330,154,357.5,815,720,0,0,3,40
30FA10CC,0.28,330,154,357.5,815,720,0,0,28,50
30FA20CC,0.28,275,154,357.5,815,720,0,0,3,39
30FA20CC,0.28,275,154,357.5,815,720,0,0,28,45
50FA5CC,0.28,247.5,154,962.5,815,720,0,0,3,39
50FA5CC,0.28,247.5,154,962.5,815,720,0,0,28,56
50FA10CC,0.28,220,154,962.5,815,720,0,0,3,39
50FA10CC,0.28,220,154,962.5,815,720,0,0,28,40
50FA20CC,0.28,165,154,962.5,815,720,0,0,3,39
50FA20CC,0.28,165,154,962.5,815,720,0,0,28,40
1,0.55,148,0,137,830,1002,0.11,0,28,17.95
2,0.49,393,0,0,758,940,0,0,28,39.58
6,0.65,325,0,60,900,850,0.12,0,28,31.4
10,0.51,374.3,0,0,730.4,1013.2,0.02,0,28,39.06
14,0.5,348,0,224,783,848,0.43,0,28,58.6
21,0.55,296,0,107,778,819,0.04,0,28,31.42
22,0.41,350,0,162,768,840,0.18,0,28,51.7
26,0.55,296,0,106.7,778.4,819.2,0.04,0,28,31.42
30,0.51,374,0,0,730,1013,0.02,0,28,39.05
34,0.56,148.1,0,136.6,830.1,1001.8,0.11,0,28,17.96
38,0.67,275,0,0,808,1088,0,0,28,24.5
42,0.49,231.75,0,121.62,778.45,1056.4,0.03,0,28,33.73
45,0.49,181.38,0,167.01,777.8,1055.6,0.04,0,28,27.77
48,0.56,194.68,0,100.52,905.9,1006.4,0.04,0,28,25.72
51,0.65,325,0,60,899,850,0.43,0,28,30.8
54,0.33,420,0,80,785,860,0.3,0,28,56
57,0.51,212.52,0,100.37,903.59,1007.8,0.04,0,28,31.64
60,0.33,290,0,100,913,837,0.01,0,28,42.7
63,0.58,333,0,0,842.6,931.2,0,0,28,31.97
66,0.55,250,0,160,742,837,0.5,0,28,28.5
69,0.58,339,0,0,781,968,0,0,28,32.04
72,0.45,207,0,207,845,843,0.4,0,28,33.2
75,0.73,252,0,0,784,1111,0,0,28,19.69
78,0.28,360,0,240,853,698,0.3,0,28,63.5
81,0.32,417,0,153,828,759,0.31,0,28,61.82
85,0.4,163,0,245,851,851,0.2,0,28,26.2
89,0.62,310,0,0,850,970,0,0,28,27.92
93,0.38,350,0,133,815,883,0.34,0,28,55.3
97,0.51,190.34,0,125.18,802.59,1088.1,0.05,0,28,28.47
101,0.36,427,0,115,779,844,0.26,0,28,59.4
105,0.48,475,0,0,594,932,0,0,28,39.29
109,0.58,164.6,0,150.4,728.9,1023.3,0.07,0,28,18.03
113,0.58,165,0,150,729,1023,0.07,0,28,18.03
117,0.47,318,0,126,737,861,0.02,0,28,40.06
121,0.47,317.9,0,126.5,736.6,860.5,0.02,0,28,40.06
125,0.87,280,0,96,817,850,0.62,0,28,15.9
129,0.32,540,0,0,613,1125,0,0,28,67.31
133,0.55,183,0,160,891,837,0.5,0,28,22.1
137,0.56,238.05,0,94.11,847.01,949.91,0.03,0,28,30.23
141,0.63,307,0,0,812,968,0,0,28,27.53
145,0.38,480,0,96,819,699,0.94,0,28,53
149,0.65,144.8,0,133.6,811.5,979.5,0.08,0,28,13.2
153,0.65,145,0,134,812,979,0.08,0,28,13.2
157,0.7,151.6,0,111.9,815.9,993,0.05,0,28,12.18
161,0.85,325,0,60,722,850,0.43,0,28,13.3
165,0.69,370,0,24,772,850,0.25,0,28,26.4
169,0.7,152,0,112,816,992,0.05,0,28,12.18
173,0.58,331,0,0,825,978,0,0,28,31.45
177,0.74,252.5,0,0,784.3,1111.6,0,0,28,19.77
181,0.35,505,0,60,630,1030,0,0,28,64.02
185,0.6,134.7,0,165.7,804.9,961,0.07,0,28,13.29
189,0.65,325,0,60,899,850,0.43,0,28,32.6
193,0.6,135,0,166,805,961,0.07,0,28,13.29
197,0.34,475,0,0,662,1044,0.02,0,28,58.52
201,0.52,251.37,0,118.27,754.3,1043.6,0.02,0,28,33.27
205,0.54,166.09,0,163.27,789.09,1058.6,0.03,0,28,21.54
209,0.49,393,0,0,785.6,940.6,0,0,28,39.6
213,0.73,250,0,0,820,1100,0,0,28,20.87
217,0.65,210,0,100,910,837,0.8,0,28,19.1
221,0.51,190.68,0,125.4,804.01,1090,0.04,0,28,26.4
225,0.68,249,0,60,1079,850,0.43,0,28,24
231,0.43,405,0,0,695,1120,0,0,28,52.3
237,0.35,528,0,0,720,920,0.01,0,28,56.83
243,0.55,250,0,160,739,837,0,0,28,27.3
249,0.55,273,0,90,762,931,0.04,0,28,32.24
255,0.42,297.16,0,117.54,753.45,1022.8,0.03,0,28,47.4
261,0.45,169,0,254,853,853,0,0,28,30.2
267,0.55,272.6,0,89.6,762.2,931.3,0.04,0,28,32.25
273,0.53,190.34,0,125.18,798.9,1079,0.05,0,28,24.85
279,0.62,310,0,0,830,1012,0,0,28,27.83
285,0.52,298,0,107,744,880,0.04,0,28,31.87
291,0.52,298.2,0,107,744.2,879.6,0.04,0,28,31.88
297,0.51,251.37,0,118.27,757.73,1028.4,0.03,0,28,32.66
303,0.45,247,0,165,845,846,0.12,0,28,34.6
309,0.47,400,0,0,745,1025,0,0,28,43.7
315,0.43,170,0,200,930,900,0.2,0,28,31
321,0.66,289,0,0,895.3,913.2,0,0,28,25.57
327,0.55,317,0,160,594,837,0.5,0,28,29.1
333,0.43,326,0,138,792,801,0.03,0,28,40.68
339,0.63,295,0,0,769,1069,0,0,28,25.18
345,0.33,520,0,0,855,855,0.01,0,28,60.28
351,0.35,225,0,275,908,652,0.7,0,28,41.42
357,0.59,222.36,0,96.67,870.32,967.08,0.02,0,28,24.89
363,0.53,165,0,143.57,900.9,1005.6,0,0,28,26.2
369,0.78,238,0,0,789,1119,0,0,28,17.54
372,0.78,238,0,0,789,1118,0,0,28,17.54
375,0.78,238.1,0,0,789.3,1118.8,0,0,28,17.58
378,0.4,238,0,159,844,844,0.29,0,28,37.8
381,0.28,522,0,0,896,896,0,0,28,74.99
384,0.55,148,0,182,884,839,0.1,0,28,15.52
387,0.65,290,0,100,709,837,0.2,0,28,26.6
390,0.55,148.1,0,182.1,884.3,838.9,0.1,0,28,15.53
393,0.65,154.8,0,142.8,696.7,1047.4,0.06,0,28,12.46
396,0.67,302,0,0,817,974,0,0,28,21.75
399,0.65,155,0,143,697,1047,0.06,0,28,12.46
403,0.39,280,0,120,946,900,0.35,0,28,45
407,0.75,255,0,0,945,889.8,0,0,28,18.75
411,0.55,250,0,160,746,837,1,0,28,26.7
415,0.63,400,0,60,718,850,0.43,0,28,30.4
419,0.63,322,0,0,800,974,0,0,28,25.18
423,0.55,250,0,160,742,837,0.5,0,28,26.4
426,0.45,220,0,180,850,900,0.35,0,28,38
429,0.48,350,0,90,852,923,0.14,0,28,46.5
432,0.45,290,0,100,913,837,0.8,0,28,42.7
435,0.4,213.74,0,174.74,776.35,1053.5,0.05,0,28,40.15
438,0.58,331,0,0,821,1025,0,0,28,31.74
441,0.45,427,0,115,779,844,0.12,0,28,59.4
444,0.63,295.8,0,0,769.3,1091.4,0,0,28,25.22
447,0.66,281,0,0,774,1104,0,0,28,22.44
450,0.66,281,0,0,774,1104,0,0,28,22.44
453,0.63,296,0,0,769,1090,0,0,28,25.18
456,0.65,325,0,60,898,850,0.43,0,28,34.3
459,0.55,250,0,160,742,837,0.5,0,28,26
462,0.37,275,0,275,796,937,0.74,0,28,63.32
465,0.61,300,0,0,795,1075,0,0,28,26.85
468,0.46,298.1,0,107,815.2,879,0.02,0,28,42.64
471,0.46,298,0,107,815,879,0.02,0,28,42.64
474,0.48,290,0,100,709,837,0,0,28,26.6
477,0.65,325,0,60,896,850,0.75,0,28,27.7
480,0.39,220,0,180,916,900,0.6,0,28,43
483,0.57,370,0,96,833,850,0.25,0,28,39.5
486,0.8,225,0,0,833,1113,0,0,28,17.34
489,0.4,200,0,200,842,843,0.17,0,28,34.9
492,0.5,143.6,0,174.9,844.5,942.7,0.12,0,28,15.42
495,0.54,250,0,95.69,861.17,956.86,0.02,0,28,29.22
498,0.5,144,0,175,844,943,0.13,0,28,15.42
501,0.35,322,0,138,693.81,1085.2,0,0,28,58
504,0.47,322.5,0,107.5,1135,630,0.01,0,28,43.98
507,0.65,325,0,60,898,850,0.43,0,28,35
510,0.55,250,0,160,742,837,0.5,0,28,25.3
513,0.54,212.07,0,121.62,779.32,1057.6,0.03,0,28,24.9
516,0.47,301,0,129,1135,630,0.01,0,28,44
519,0.57,325,0,0,783,1063,0,0,28,30.57
522,0.46,218.85,0,124.13,794.91,1078.7,0.05,0,28,30.22
525,0.65,325,0,60,899,850,0.43,0,28,35.3
528,0.57,370,0,96,830,850,0.62,0,28,38.8
531,0.43,170,0,200,928,900,0.5,0,28,33
534,0.32,330,0,220,700,899,0.69,0,28,60.9
537,0.5,375,0,0,758,1038,0,0,28,38.21
540,0.35,275,0,250,775,840,0.2,0,28,54.5
543,0.35,399,0,100,814,882,0.15,0,28,55
544,0.55,339,0,0,754,1060,0,0,28,31.65
545,0.6,233.81,0,94.58,852.16,947.04,0.02,0,28,22.84
546,0.43,326.5,0,137.9,792.5,801.1,0.03,0,28,38.63
547,0.45,210,0,220,768,837,0.8,0,28,26.7
548,0.69,277,0,0,856,968,0,0,28,25.97
549,0.53,350,0,0,770,1050,0,0,28,34.29
550,0.55,339.2,0,0,754.3,1069.2,0,0,28,31.9
551,0.55,339,0,0,754,1069,0,0,28,31.84
552,0.39,220,0,180,916,900,0.1,0,28,44
553,0.87,280,0,96,820,850,0.25,0,28,19.6
554,0.35,350,0,150,900,600,1,0,28,37.18
555,0.56,229.68,0,118.16,757.63,1028.1,0.03,0,28,24.54
556,0.36,237,0,133,1034,900,0.2,0,28,49
557,0.47,258,0,172,1135,630,0.01,0,28,43.18
558,0.5,150.9,0,183.9,772.2,991.2,0.08,0,28,15.57
559,0.44,295.71,0,95.64,859.2,955.14,0.03,0,28,39.94
560,0.5,151,0,184,772,991,0.08,0,28,15.57
561,0.28,300,0,300,787,720,0.33,0,28,52.7
562,0.32,220,0,330,686,881,0.62,0,28,47.5
563,0.55,250,0,95.69,857.2,948.9,0.02,0,28,27.22
564,0.43,275,0,155,827,900,0.5,0,28,48
565,0.43,277.05,0,97.39,875.61,973.9,0.04,0,28,48.28
566,0.56,229.97,0,118.31,758.59,1029.4,0.02,0,28,24.48
567,0.34,165,0,385,656,834,1,0,28,34.9
568,0.62,145,0,179,869,824,0.06,0,28,10.54
569,0.35,327,0,173,902,803,0.41,0,28,61.6
570,0.47,279.5,0,150.5,1135,630,0.01,0,28,44.34
571,0.62,145.4,0,178.9,868.7,824,0.05,0,28,10.54
572,0.41,83,0,468,624,794,1,0,28,14.64
573,0.34,325,0,325,611,777,1.18,0,28,50.07
574,0.57,376,0,0,762.36,1003.5,0,0,28,31.97
575,0.51,251.37,0,118.27,757.73,1028.4,0.02,0,28,29.65
576,0.55,250,0,160,742,837,0.5,0,28,24.1
577,0.38,250,0,160,919,837,0.5,0,28,36.3
578,0.45,290,0,220,625,837,0.2,0,28,32.9
579,0.65,296,0,0,765,1085,0,0,28,21.65
580,0.27,428,0,257,788,736,0.02,0,28,74.5
581,0.38,250,0,257,787,853,0.23,0,28,51.5
582,0.58,350,0,0,775,974,0,0,28,27.34
583,0.9,200,0,0,845,1125,0,0,28,12.25
584,0.29,183,0,160,891,837,0.01,0,28,22.1
585,0.39,220,0,180,916,900,0.35,0,28,45
586,0.47,212,0,124.78,799.54,1085.4,0.04,0,28,38.5
587,0.34,250,0,160,742,837,0.01,0,28,28.5
588,0.28,500,0,0,853,966,0.01,0,28,67.57
589,0.75,325,0,120,755,850,0.43,0,28,32.2
590,0.65,154.8,0,142.8,867.7,877.2,0.06,0,28,9.74
591,0.65,155,0,143,868,877,0.06,0,28,9.74
592,0.32,500,0,101,820,753,0.38,0,28,70.93
593,0.49,382,0,0,739,1047,0,0,28,37.42
594,0.5,150.7,0,185.3,678,1074.5,0.1,0,28,13.46
595,0.49,382.5,0,0,739.3,1047.8,0,0,28,37.44
596,0.5,151,0,185,678,1074,0.11,0,28,13.46
597,0.33,225,0,525,487,620,0.36,0,28,34.83
598,0.4,275.07,0,121.35,777.5,1053.6,0.04,0,28,51.33
599,0.55,349,0,0,809,1056,0,0,28,33.61
600,0.42,313,0,113,689,1002,0.03,0,28,36.8
601,0.42,313.3,0,113,688.7,1001.9,0.03,0,28,36.8
602,0.31,348,0,224,783,848,0.9,0,28,58.6
603,0.32,420,0,180,900,750,0.03,0,28,79.19
604,0.35,276,0,184,693.81,1085.2,0,0,28,56
605,0.3,385,0,136,768,903,0.05,0,28,55.55
606,0.48,382,0,0,739,1047,0,0,28,37.42
607,0.32,440,0,110,714,917,0.69,0,28,69.8
546,0.39,349,0,162,779,852,0.29,0,28,59.9
549,0.55,349,0,0,806,1047,0,0,28,32.72
552,0.45,477,0,53,768,668,0.09,0,28,32.19
555,0.51,212.57,0,100.39,903.79,1003.8,0.05,0,28,37.4
558,0.55,325,0,0,1042,850,0.43,0,28,41.2
561,0.47,397,0,0,734,1040,0,0,28,39.09
564,0.72,250,0,160,566,837,0.5,0,28,11
567,0.69,370,0,24,770,850,0.62,0,28,18.7
570,0.82,236,0,0,885,968,0,0,28,18.42
573,0.34,250,0,160,739,837,0,0,28,27.3
576,0.35,197,0,197,856,856,0.28,0,28,38.9
577,0.43,237,0,133,960,900,0.5,0,28,46
578,0.52,350,0,133,815,883,0.16,0,28,55.3
579,0.58,165,0,385,735,865,0.84,0,28,37.92
580,0.57,312.7,0,0,822.2,999.7,0.03,0,28,25.1
581,0.37,317,0,160,594,837,0.01,0,28,29.1
582,0.57,313,0,0,822,1000,0.03,0,28,25.1
583,0.39,350,0,90,852,923,0.3,0,28,46.5
584,0.4,313.8,0,112.6,782.9,925.3,0.03,0,28,38.46
585,0.38,380,0,20,1180,578,0.4,0,28,40.4
586,0.28,407,0,244,815,761,0.02,0,28,70.4
587,0.4,314,0,113,783,925,0.03,0,28,38.46
588,0.39,248,0,203,808,900,0.35,0,28,50
589,0.48,304.8,0,99.6,705.2,959.4,0.03,0,28,30.12
590,0.48,305,0,100,705,959,0.03,0,28,30.12
591,0.4,480,0,0,712.2,936.2,0,0,28,43.94
592,0.33,220,0,180,982,900,0.35,0,28,51
593,0.5,164,0,200,846,849,0.08,0,28,15.09
594,0.44,210,0,100,910,837,0.01,0,28,19.1
595,0.35,344,0,147,814,881,0.12,0,28,48.75
596,0.5,164.2,0,200.1,846,849.3,0.08,0,28,15.09
597,0.33,357,0,193,878,742,0.02,0,28,67.5
598,0.43,275,0,155,830,900,0.2,0,28,36
599,0.33,333,0,215,835,766,0.24,0,28,50.24
600,0.39,220,0,180,916,900,0.35,0,28,47
601,0.34,250,0,160,746,837,0.01,0,28,26.7
602,0.41,321,0,128,780,870,0.03,0,28,37.26
603,0.41,321.4,0,127.9,779.7,870.1,0.04,0,28,37.27
604,0.23,250,0,160,919,837,0.01,0,28,36.3
605,0.34,250,0,160,742,837,0.01,0,28,26.4
606,0.39,355.9,0,141.6,778.4,801.4,0.03,0,28,40.87
607,0.39,356,0,142,778,801,0.03,0,28,40.87
608,0.35,460,0,0,693.81,1085.2,0,0,28,68
609,0.4,298,0,107,784,953,0.04,0,28,35.86
610,0.39,350,0,111,831,900,0.32,0,28,61
611,0.3,485,0,0,800,1120,0,0,28,71.99
612,0.4,298.1,0,107.5,784,953.2,0.04,0,28,35.87
613,0.4,480,0,0,721,936,0,0,28,43.89
614,0.34,198,0,232,874,900,0.2,0,28,46
615,0.62,158,0,195,713,898,0.07,0,28,8.54
616,0.59,350,0,162,768,840,0.09,0,28,51.7
617,0.62,158.4,0,194.9,712.9,897.7,0.07,0,28,8.54
618,0.42,251.81,0,99.94,899.76,1006,0.05,0,28,33.94
619,0.45,249.1,0,98.75,889.01,987.76,0.05,0,28,30.85
620,0.22,210,0,220,786,837,0.01,0,28,26.7
621,0.34,275,0,275,691,880,1.25,0,28,57.9
622,0.34,250,0,160,742,837,0.01,0,28,26
623,0.55,250,0,261,478,837,0.5,0,28,17
624,0.35,161,0,241,866,864,0.3,0,28,35.8
625,0.35,300,0,200,923,663,0.7,0,28,54.69
626,0.3,540,0,0,676,1055,0,0,28,61.89
627,0.26,290,0,220,625,837,0,0,28,32.9
628,0.36,525,0,0,613,1125,0,0,28,55.94
629,0.41,213.5,0,174.24,771.9,1043.6,0.05,0,28,44.64
630,0.41,465,0,85,910,590,0.02,0,28,35.19
631,0.34,250,0,275,842,772,0.23,0,28,39.62
632,0.65,210,0,220,562,837,0.2,0,28,10.2
633,0.47,397,0,0,734,1040,0,0,28,36.94
634,0.35,368,0,92,693.81,1085.2,0,0,28,66
635,0.41,465,0,85,910,590,0.97,0,28,35.19
636,0.34,250,0,160,742,837,0.01,0,28,25.3
637,0.34,520,0,0,805,870,0.01,0,28,51.02
638,0.4,213.5,0,174.24,775.48,1052.3,0.05,0,28,45.94
639,0.39,193,0,158,1024,900,0.35,0,28,44
640,0.34,437,0,80,743,924,0.43,0,28,69.7
641,0.3,500,0,0,655,1033,0.02,0,28,69.84
642,0.54,336.5,0,0,816.8,985.8,0.01,0,28,44.87
643,0.54,336,0,0,817,986,0.01,0,28,44.86
644,0.39,220,0,180,916,900,0.35,0,28,49
645,0.39,246.83,0,125.08,800.89,1086.8,0.05,0,28,52.5
646,0.39,220,0,180,916,900,0.12,0,28,49
647,0.48,385,0,0,763,966,0,0,28,31.35
648,0.33,540,0,60,900,750,0.02,0,28,78.05
649,0.45,322.2,0,115.6,813.4,817.9,0.03,0,28,31.18
650,0.45,322,0,116,813,818,0.03,0,28,31.18
651,0.34,250,0,160,742,837,0.01,0,28,24.1
652,0.43,290.35,0,96.18,865,961.18,0.03,0,28,34.74
653,0.42,252.31,0,98.75,889.01,987.76,0.06,0,28,50.6
654,0.35,380,0,145,988,659,0.28,0,28,65.5
655,0.47,344,0,86,1135,630,0.01,0,28,50.6
656,0.27,438,0,263,774,723,0.02,0,28,69.5
657,0.35,380,0,192,931,621,0.21,0,28,67.8
658,0.33,412,0,138,887,752,0.02,0,28,73.4
659,0.33,350,0,186,786,851,0.22,0,28,70.4
660,0.35,375,0,125,938,673,0.7,0,28,60.8
100%OPC,0.31,587.5,188,0,796.33,837,15.28,0,7,50.93
100%OPC,0.31,587.5,188,0,796.33,837,15.28,0,28,82.39
75%PC-25%FA,0.31,440.62,188,146.88,734.5,837,11.75,0,7,42.82
75%PC-25%FA,0.31,440.62,188,146.88,734.5,837,11.75,0,28,54.23
65%PC-25%FA-10%SF,0.31,381.88,188,146.88,713.38,837,14.69,58.75,7,49.36
65%PC-25%FA-10%SF,0.31,381.88,188,146.88,713.38,837,14.69,58.75,28,77.94
50%PC-40%FA-10%SF,0.31,293.75,188,235,675.75,837,15.86,58.75,7,51.32
50%PC-40%FA-10%SF,0.31,293.75,188,235,675.75,837,15.86,58.75,28,78.96
40%PC-50%FA-10%SF,0.31,235,188,293.75,651.37,837,15.69,58.75,7,78.31
40%PC-50%FA-10%SF,0.31,235,188,293.75,651.37,837,15.69,58.75,28,87.06
25%PC-65%FA-10%SF,0.31,146.88,188,381.88,614.27,837,16.16,58.75,7,71.23
25%PC-65%FA-10%SF,0.31,146.88,188,381.88,614.27,837,16.16,58.75,28,81.64
Ref-1(OPC),0.33,550,181.5,0,970,722,7.7,0,7,39
Ref-1(OPC),0.33,550,181.5,0,970,722,7.7,0,28,55
Ref-1(OPC),0.33,550,181.5,0,970,722,7.7,0,90,55.55
Ref-1(OPC),0.33,550,181.5,0,970,722,7.7,0,180,56
REf-2(SF5),0.33,522.5,181.5,0,970,722,7.837,27.5,7,44
REf-2(SF5),0.33,522.5,181.5,0,970,722,7.837,27.5,28,58
REf-2(SF5),0.33,522.5,181.5,0,970,722,7.837,27.5,90,60
REf-2(SF5),0.33,522.5,181.5,0,970,722,7.837,27.5,180,60
WMS10,0.33,467.5,181.5,0,970,722,5.142,27.5,7,46
WMS10,0.33,467.5,181.5,0,970,722,5.142,27.5,28,60
WMS10,0.33,467.5,181.5,0,970,722,5.142,27.5,90,61
WMS10,0.33,467.5,181.5,0,970,722,5.142,27.5,180,62
WMS20,0.33,412.5,181.5,0,970,722,3.712,27.5,7,38
WMS20,0.33,412.5,181.5,0,970,722,3.712,27.5,28,52
WMS20,0.33,412.5,181.5,0,970,722,3.712,27.5,90,53
WMS20,0.33,412.5,181.5,0,970,722,3.712,27.5,180,55
WMS30,0.33,357.5,181.5,0,970,722,2.323,27.5,7,37
WMS30,0.33,357.5,181.5,0,970,722,2.323,27.5,28,44
WMS30,0.33,357.5,181.5,0,970,722,2.323,27.5,90,49
WMS30,0.33,357.5,181.5,0,970,722,2.323,27.5,180,50
FA15,0.33,440,181.5,82.5,970,722,2.64,27.5,7,48
FA15,0.33,440,181.5,82.5,970,722,2.64,27.5,28,54
FA15,0.33,440,181.5,82.5,970,722,2.64,27.5,90,60
FA15,0.33,440,181.5,82.5,970,722,2.64,27.5,180,64
FA15WMS10,0.33,385,181.5,82.5,970,722,1.347,27.5,7,49
FA15WMS10,0.33,385,181.5,82.5,970,722,1.347,27.5,28,62
FA15WMS10,0.33,385,181.5,82.5,970,722,1.347,27.5,90,64
FA15WMS10,0.33,385,181.5,82.5,970,722,1.347,27.5,180,62
FA15WMS20,0.33,330,181.5,82.5,970,722,0.99,27.5,7,39
FA15WMS20,0.33,330,181.5,82.5,970,722,0.99,27.5,28,44
FA15WMS20,0.33,330,181.5,82.5,970,722,0.99,27.5,90,48
FA15WMS20,0.33,330,181.5,82.5,970,722,0.99,27.5,180,54
FA15WMS30,0.33,275,181.5,82.5,970,722,0.907,27.5,7,34
FA15WMS30,0.33,275,181.5,82.5,970,722,0.907,27.5,28,44
FA15WMS30,0.33,275,181.5,82.5,970,722,0.907,27.5,90,46
FA15WMS30,0.33,275,181.5,82.5,970,722,0.907,27.5,180,49
FA25,0.33,385,181.5,137.5,970,722,1.155,27.5,7,42
FA25,0.33,385,181.5,137.5,970,722,1.155,27.5,28,52
FA25,0.33,385,181.5,137.5,970,722,1.155,27.5,90,54
FA25,0.33,385,181.5,137.5,970,722,1.155,27.5,180,63
FA25WMS10,0.33,330,181.5,137.5,970,722,0.825,27.5,7,42
FA25WMS10,0.33,330,181.5,137.5,970,722,0.825,27.5,28,49
FA25WMS10,0.33,330,181.5,137.5,970,722,0.825,27.5,90,52
FA25WMS10,0.33,330,181.5,137.5,970,722,0.825,27.5,180,61
FA25WMS20,0.33,275,181.5,137.5,970,722,0.55,27.5,7,29
FA25WMS20,0.33,275,181.5,137.5,970,722,0.55,27.5,28,43
FA25WMS20,0.33,275,181.5,137.5,970,722,0.55,27.5,90,45
FA25WMS20,0.33,275,181.5,137.5,970,722,0.55,27.5,180,50
FA25WMS30,0.33,220,181.5,137.5,970,722,0.55,27.5,7,28
FA25WMS30,0.33,220,181.5,137.5,970,722,0.55,27.5,28,43
FA25WMS30,0.33,220,181.5,137.5,970,722,0.55,27.5,90,44
FA25WMS30,0.33,220,181.5,137.5,970,722,0.55,27.5,180,43
FA35,0.33,330,181.5,192.5,970,722,0.72,27.5,7,39
FA35,0.33,330,181.5,192.5,970,722,0.72,27.5,28,43
FA35,0.33,330,181.5,192.5,970,722,0.72,27.5,90,56
FA35,0.33,330,181.5,192.5,970,722,0.72,27.5,180,58
FA35WMS10,0.33,275,181.5,192.5,970,722,0.55,27.5,7,38
FA35WMS10,0.33,275,181.5,192.5,970,722,0.55,27.5,28,47
FA35WMS10,0.33,275,181.5,192.5,970,722,0.55,27.5,90,51
FA35WMS10,0.33,275,181.5,192.5,970,722,0.55,27.5,180,52
FA35WMS20,0.33,220,181.5,192.5,970,722,0.418,27.5,7,30
FA35WMS20,0.33,220,181.5,192.5,970,722,0.418,27.5,28,42
FA35WMS20,0.33,220,181.5,192.5,970,722,0.418,27.5,90,46
FA35WMS20,0.33,220,181.5,192.5,970,722,0.418,27.5,180,50
0%(control),0.35,0,175,0,967,694,8,0,28,79
5%SF,0.35,0,175,0,958,687,8,25,28,79
10%SF,0.35,0,175,0,954,685,9,50,28,81
15%SF,0.35,0,175,0,948,681,10,75,28,86
25%FA,0.35,125,175,125,938,673,7.5,0,28,61
40%FA,0.35,200,175,200,923,663,7.5,0,28,55
55%FA,0.35,275,175,275,908,652,7.5,0,28,41
CM,0.33,175,0,175,907,763,7.8,0,28,31.11
RFM1,0.33,175,0,175,907,763,7.8,0,28,32.02
RFM2,0.33,175,0,175,907,763,7.8,0,28,33.56
RFM3,0.33,175,0,175,907,763,7.8,0,28,34.78
RFM4,0.33,175,0,175,907,763,7.8,0,28,29.47
0-0,0.35,0,182,0,785,0,4.02,0,28,53.45
50-0,0.35,0,182,0,785,416.4,4.16,0,28,46.54
50-50-1,0.35,260,182,260,785,416.4,5.72,0,28,18.04
50-50-2,0.35,130,182,130,785,416.4,5.43,0,28,33.51
50-50-3,0.35,104,182,104,785,416.4,6.76,52,28,40.31
50-75-1,0.35,390,182,390,785,416.4,5.94,0,28,7.17
50-75-2,0.35,195,182,195,785,416.4,4.68,0,28,19.66
50-75-3,0.35,156,182,156,785,416.4,6.8,78,28,35.54
100-0,0.35,0,182,0,785,832,4.72,0,28,43.89
100-50-1,0.35,260,182,260,785,832,4.78,0,28,21
100-50-2,0.35,130,182,130,785,832,5.67,0,28,38.38
100-50-3,0.35,104,182,104,785,832,6.86,52,28,49.44
100-75-1,0.35,390,182,390,785,832,7.4,0,28,13.64
100-75-2,0.35,195,182,195,785,832,7.28,0,28,30.84
100-75-3,0.35,156,182,156,785,832,7.57,78,28,42.75
100-0,0.4,0,182,0,785,832,3.19,0,28,29.81
100-75-1,0.4,341.25,182,341.25,785,832,4.01,0,28,13.89
100-75-2,0.4,170.63,182,170.63,785,832,1.37,0,28,18.35
100-75-3,0.4,136.5,182,136.5,785,832,3.19,68.3,28,26.23
100-0,0.45,0,182,0,785,832,2.83,0,28,19.75
100-75-1,0.45,303,182,303,785,832,3.2,0,28,9.63
100-75-2,0.45,151.5,182,151.5,785,832,1.21,0,28,12.07
100-75-3,0.45,121.2,182,121.2,785,832,3.63,60.6,28,18.86
0% Fly ash,0.32,512,163.7,0,581.76,1093.65,0,0,7,49.57
0% Fly ash,0.32,512,163.7,0,581.76,1093.65,0,0,14,53.67
0% Fly ash,0.32,512,163.7,0,581.76,1093.65,0,0,28,64.63
5%,0.32,486.4,163.7,25.6,581.76,1093.65,0,0,7,48.33
5%,0.32,486.4,163.7,25.6,581.76,1093.65,0,0,14,52.4
5%,0.32,486.4,163.7,25.6,581.76,1093.65,0,0,28,66.23
10%,0.32,460.8,163.7,51.2,581.76,1093.65,0,0,7,46.53
10%,0.32,460.8,163.7,51.2,581.76,1093.65,0,0,14,51.4
10%,0.32,460.8,163.7,51.2,581.76,1093.65,0,0,28,67.2
15%,0.32,435.2,163.7,76.8,581.76,1093.65,0,0,7,44.23
15%,0.32,435.2,163.7,76.8,581.76,1093.65,0,0,14,49.2
15%,0.32,435.2,163.7,76.8,581.76,1093.65,0,0,28,64.1
20%,0.32,409.6,163.7,102.4,581.76,1093.65,0,0,7,44.23
20%,0.32,409.6,163.7,102.4,581.76,1093.65,0,0,14,49.1
20%,0.32,409.6,163.7,102.4,581.76,1093.65,0,0,28,64.17
25%,0.32,384,163.7,128,581.76,1093.65,0,0,7,37.5
25%,0.32,384,163.7,128,581.76,1093.65,0,0,14,43.47
25%,0.32,384,163.7,128,581.76,1093.65,0,0,28,59.23
30%,0.32,358.4,163.7,153.6,581.76,1093.65,0,0,7,35.33
30%,0.32,358.4,163.7,153.6,581.76,1093.65,0,0,14,40.37
30%,0.32,358.4,163.7,153.6,581.76,1093.65,0,0,28,54.27
C500,1.3,500,200,0,870,880,13,0,3,35
C500,1.3,500,200,0,870,880,13,0,28,40.9
C500,1.3,500,200,0,870,880,13,0,90,63
NVC,1.8,300,180,0,1053,867,7.8,0,3,17.3
NVC,1.8,300,180,0,1053,867,7.8,0,28,32.1
NVC,1.8,300,180,0,1053,867,7.8,0,90,34.9
B500.FA,0.9,200,170,300,870,880,9,0,3,11.6
B500.FA,0.9,200,170,300,870,880,9,0,28,37.5
B500.FA,0.9,200,170,300,870,880,9,0,90,37.5
B500.FAHL,0.9,200,170,300,870,880,9.6,0,3,14.3
B500.FAHL,0.9,200,170,300,870,880,9.6,0,28,63
B500.FAHL,0.9,200,170,300,870,880,9.6,0,90,58.3
B500.FAM,0.9,150,170,250,870,880,9.6,0,3,10.3
B500.FAM,0.9,150,170,250,870,880,9.6,0,28,32.6
B500.FAM,0.9,150,170,250,870,880,9.6,0,90,38.3
B500.FAMHL,0.9,150,170,250,870,880,12.3,0,3,12.1
B500.FAMHL,0.9,150,170,250,870,880,12.3,0,28,40
B500.FAMHL,0.9,150,170,250,870,880,12.3,0,90,46.5
B400.FA,0.9,160,140,240,1034,916,12.4,0,3,10.2
B400.FA,0.9,160,140,240,1034,916,12.4,0,28,27
B400.FA,0.9,160,140,240,1034,916,12.4,0,90,45.3
B400.FAHL,0.9,160,140,240,1034,916,12.4,0,3,7.2
B400.FAHL,0.9,160,140,240,1034,916,12.4,0,28,28.6
B400.FAHL,0.9,160,140,240,1034,916,12.4,0,90,37.2
B400.FAM,0.9,120,140,200,1034,916,13.5,0,3,7.5
B400.FAM,0.9,120,140,200,1034,916,13.5,0,28,33.5
B400.FAM,0.9,120,140,200,1034,916,13.5,0,90,33.5
B400.FAMHL,0.9,120,140,200,1034,916,13.5,0,3,33.5
B400.FAMHL,0.9,120,140,200,1034,916,13.5,0,28,28
B400.FAMHL,0.9,120,140,200,1034,916,13.5,0,90,28
